epoch,time,train/box_loss,train/cls_loss,train/dfl_loss,metrics/precision(B),metrics/recall(B),metrics/mAP50(B),metrics/mAP50-95(B),val/box_loss,val/cls_loss,val/dfl_loss,lr/pg0,lr/pg1,lr/pg2
1,43.2495,1.23523,4.30032,1.43134,0.00484,0.78152,0.11421,0.05834,1.74393,6.27687,1.8483,0.000651163,0.000651163,0.000651163
2,55.8814,1.39589,3.85669,1.52509,0.3588,0.01958,0.03632,0.01199,2.28362,6.35781,2.90454,0.00130913,0.00130913,0.00130913
3,68.2282,1.52592,3.36443,1.62105,0.17328,0.23179,0.10241,0.03765,1.90909,5.18402,2.39247,0.0019583,0.0019583,0.0019583
4,80.4788,1.55993,2.94172,1.61826,0.18152,0.21457,0.09502,0.03364,nan,nan,nan,0.0019604,0.0019604,0.0019604
5,92.743,1.53683,2.62121,1.59278,0.3594,0.39702,0.29621,0.13147,1.73083,2.71423,2.06836,0.0019472,0.0019472,0.0019472
6,105.041,1.52247,2.36731,1.58507,0.29253,0.36648,0.24523,0.1032,1.79879,3.52135,2.04408,0.001934,0.001934,0.001934
7,117.236,1.48794,2.10593,1.5604,0.47188,0.46515,0.40576,0.21333,1.59113,2.08889,1.82852,0.0019208,0.0019208,0.0019208
8,129.55,1.51152,2.14766,1.61103,0.50586,0.46515,0.43921,0.23973,1.62199,2.15685,1.82048,0.0019076,0.0019076,0.0019076
9,141.708,1.48794,1.98889,1.55862,0.49617,0.51762,0.48483,0.23872,1.67507,1.88388,1.87015,0.0018944,0.0018944,0.0018944
10,153.972,1.52175,1.9182,1.55055,0.54865,0.46357,0.47408,0.26121,1.57479,1.90683,1.79059,0.0018812,0.0018812,0.0018812
11,166.249,1.48716,1.83102,1.53779,0.59065,0.45732,0.50313,0.29174,1.51077,1.79065,1.74993,0.001868,0.001868,0.001868
12,178.465,1.44483,1.74716,1.52367,0.6114,0.5384,0.59013,0.34482,1.44488,1.52484,1.63762,0.0018548,0.0018548,0.0018548
13,190.762,1.46353,1.7735,1.53051,0.6141,0.54333,0.58354,0.35028,1.36647,1.58206,1.56116,0.0018416,0.0018416,0.0018416
14,202.984,1.43929,1.65782,1.50335,0.61513,0.58027,0.61619,0.3571,1.37653,1.4822,1.5634,0.0018284,0.0018284,0.0018284
15,215.254,1.41511,1.63494,1.48191,0.58062,0.60689,0.61582,0.37969,1.41389,1.45063,1.58658,0.0018152,0.0018152,0.0018152
16,227.499,1.41704,1.60911,1.47974,0.62657,0.60703,0.62559,0.3631,1.41632,1.65078,1.55341,0.001802,0.001802,0.001802
17,239.715,1.41055,1.57812,1.4735,0.54761,0.51757,0.50959,0.31305,1.44992,1.66984,1.6892,0.0017888,0.0017888,0.0017888
18,252.136,1.43202,1.55287,1.50108,0.69726,0.61081,0.68855,0.43246,1.32494,1.25228,1.50575,0.0017756,0.0017756,0.0017756
19,264.375,1.39916,1.56003,1.46187,0.61903,0.60821,0.6269,0.37687,1.37756,1.50886,1.53329,0.0017624,0.0017624,0.0017624
20,276.576,1.41063,1.52575,1.47746,0.71001,0.62503,0.69736,0.43488,1.33794,1.29889,1.51988,0.0017492,0.0017492,0.0017492
21,288.766,1.36175,1.53772,1.45738,0.61418,0.58962,0.60606,0.37423,1.35756,1.41669,1.53908,0.001736,0.001736,0.001736
22,300.974,1.37121,1.50822,1.43476,0.67382,0.63413,0.6933,0.44603,1.28452,1.356,1.46094,0.0017228,0.0017228,0.0017228
23,313.263,1.36819,1.43996,1.42576,0.69964,0.64291,0.71179,0.44287,1.3388,1.18773,1.49552,0.0017096,0.0017096,0.0017096
24,325.521,1.37816,1.41783,1.43341,0.66739,0.64448,0.70896,0.44094,1.34585,1.13264,1.49075,0.0016964,0.0016964,0.0016964
25,337.746,1.36757,1.45262,1.41819,0.72054,0.65418,0.74151,0.48436,1.24111,1.11425,1.42823,0.0016832,0.0016832,0.0016832
26,350.014,1.32358,1.32966,1.38162,0.7422,0.68762,0.7667,0.49548,1.26137,1.04497,1.44146,0.00167,0.00167,0.00167
27,362.213,1.326,1.36339,1.40169,0.70958,0.63508,0.71032,0.47683,1.27344,1.1385,1.47044,0.0016568,0.0016568,0.0016568
28,374.467,1.31932,1.38037,1.39969,0.75719,0.6946,0.76722,0.51357,1.22004,1.02689,1.39668,0.0016436,0.0016436,0.0016436
29,386.757,1.32747,1.34975,1.3864,0.71465,0.69616,0.75651,0.47704,1.28559,1.1134,1.47942,0.0016304,0.0016304,0.0016304
30,398.825,1.29209,1.29666,1.38108,0.75469,0.63821,0.72095,0.48362,1.26465,1.13778,1.45083,0.0016172,0.0016172,0.0016172
31,411.081,1.26935,1.29517,1.39645,0.73073,0.69704,0.74479,0.47867,1.27558,1.04345,1.44665,0.001604,0.001604,0.001604
32,423.324,1.26654,1.26906,1.36534,0.73337,0.70164,0.76806,0.51884,1.22348,0.9909,1.39621,0.0015908,0.0015908,0.0015908
33,435.571,1.27337,1.21962,1.36419,0.78583,0.6993,0.80284,0.55469,1.14879,0.94812,1.35313,0.0015776,0.0015776,0.0015776
34,447.744,1.24064,1.23815,1.34141,0.75726,0.70791,0.7852,0.54713,1.15829,0.94617,1.34495,0.0015644,0.0015644,0.0015644
35,459.849,1.30521,1.27002,1.38425,0.72524,0.74706,0.78785,0.51451,1.21675,1.01433,1.37208,0.0015512,0.0015512,0.0015512
36,472.021,1.24992,1.23325,1.3641,0.7458,0.722,0.79335,0.54036,1.17625,1.00111,1.36158,0.001538,0.001538,0.001538
37,484.176,1.23794,1.16566,1.34165,0.75826,0.66562,0.76366,0.52985,1.19096,0.97532,1.37793,0.0015248,0.0015248,0.0015248
38,496.361,1.2539,1.19728,1.35379,0.77178,0.71237,0.79123,0.54099,1.13459,1.06222,1.31862,0.0015116,0.0015116,0.0015116
39,509.133,1.25824,1.21117,1.36579,0.78139,0.69135,0.78074,0.54844,1.15443,0.96413,1.34323,0.0014984,0.0014984,0.0014984
40,522.607,1.25969,1.17911,1.34852,0.77999,0.7361,0.81838,0.57139,1.13999,0.85992,1.33618,0.0014852,0.0014852,0.0014852
41,535.859,1.27941,1.13681,1.35214,0.7305,0.76201,0.81342,0.55119,1.16845,0.99788,1.32938,0.001472,0.001472,0.001472
42,549.488,1.23278,1.14533,1.33014,0.79663,0.75959,0.83816,0.58893,1.10676,0.80998,1.29539,0.0014588,0.0014588,0.0014588
43,563.051,1.22913,1.10822,1.32614,0.80742,0.7455,0.84308,0.60702,1.06934,0.79745,1.27175,0.0014456,0.0014456,0.0014456
44,576.585,1.25455,1.15799,1.34373,0.77898,0.77056,0.84377,0.59763,1.08547,0.7869,1.28305,0.0014324,0.0014324,0.0014324
45,589.735,1.20917,1.05275,1.30032,0.79757,0.74357,0.83275,0.58206,1.0983,0.83217,1.28105,0.0014192,0.0014192,0.0014192
46,602.88,1.20388,1.0673,1.30276,0.77785,0.71966,0.80677,0.55645,1.16227,0.87353,1.3399,0.001406,0.001406,0.001406
47,615.916,1.19823,1.12193,1.30476,0.83477,0.77212,0.85291,0.58834,1.12278,0.80172,1.28158,0.0013928,0.0013928,0.0013928
48,629.03,1.2015,1.09671,1.31071,0.79376,0.7866,0.85752,0.61556,1.07005,0.75916,1.28049,0.0013796,0.0013796,0.0013796
49,642.063,1.23082,1.08613,1.33371,0.80498,0.78545,0.86247,0.61429,1.07303,0.74264,1.26185,0.0013664,0.0013664,0.0013664
50,655.239,1.18674,1.02027,1.28367,0.82125,0.79152,0.87137,0.62662,1.03446,0.70119,1.2208,0.0013532,0.0013532,0.0013532
51,668.237,1.21184,1.07077,1.30472,0.82632,0.78622,0.87506,0.63193,1.0318,0.71272,1.22979,0.00134,0.00134,0.00134
52,681.292,1.18093,1.02053,1.29585,0.85174,0.71182,0.84914,0.62413,1.02191,0.7538,1.22225,0.0013268,0.0013268,0.0013268
53,694.371,1.17686,1.06727,1.27816,0.85205,0.76217,0.87589,0.63646,1.01181,0.78956,1.21271,0.0013136,0.0013136,0.0013136
54,707.502,1.15771,1.03999,1.27047,0.83389,0.8011,0.88273,0.62812,1.04455,0.69837,1.23637,0.0013004,0.0013004,0.0013004
55,720.559,1.16812,1.03507,1.2872,0.8253,0.81388,0.88961,0.6537,0.99151,0.67154,1.20609,0.0012872,0.0012872,0.0012872
56,733.767,1.16188,0.97819,1.28705,0.801,0.76273,0.84034,0.59459,1.09682,0.81169,1.29041,0.001274,0.001274,0.001274
57,747.046,1.18604,1.00657,1.29479,0.85377,0.79092,0.88697,0.65116,1.00424,0.66566,1.19903,0.0012608,0.0012608,0.0012608
58,760.177,1.15759,0.98189,1.27394,0.80868,0.81757,0.88529,0.64606,1.00772,0.69154,1.20519,0.0012476,0.0012476,0.0012476
59,773.17,1.12906,0.91856,1.27521,0.85691,0.79953,0.89596,0.6474,1.02873,0.65132,1.23269,0.0012344,0.0012344,0.0012344
60,786.151,1.16731,0.98634,1.28643,0.85216,0.80794,0.89245,0.66329,0.9937,0.65206,1.20264,0.0012212,0.0012212,0.0012212
61,799.233,1.14475,0.94486,1.27654,0.81901,0.84025,0.90251,0.67067,0.97459,0.62289,1.19241,0.001208,0.001208,0.001208
62,812.418,1.12075,0.92975,1.25389,0.84162,0.82459,0.90013,0.67139,0.97212,0.62946,1.18972,0.0011948,0.0011948,0.0011948
63,825.538,1.1596,0.95628,1.27752,0.84949,0.81363,0.90441,0.65641,0.99248,0.66372,1.19191,0.0011816,0.0011816,0.0011816
64,838.778,1.12909,0.9083,1.24867,0.84279,0.80893,0.90056,0.66436,1.00675,0.65611,1.1984,0.0011684,0.0011684,0.0011684
65,851.916,1.11291,0.93336,1.2499,0.85996,0.81128,0.90118,0.66833,0.97775,0.62957,1.1793,0.0011552,0.0011552,0.0011552
66,865.217,1.09123,0.9167,1.2384,0.87922,0.81441,0.90805,0.66614,0.99199,0.63575,1.1851,0.001142,0.001142,0.001142
67,878.25,1.11466,0.91398,1.25532,0.87963,0.83551,0.91849,0.69597,0.93141,0.57154,1.15603,0.0011288,0.0011288,0.0011288
68,891.436,1.0951,0.88158,1.2452,0.87619,0.82929,0.92611,0.69859,0.94971,0.5654,1.16609,0.0011156,0.0011156,0.0011156
69,904.551,1.11888,0.87251,1.26155,0.87149,0.8285,0.9172,0.6911,0.94276,0.56634,1.15013,0.0011024,0.0011024,0.0011024
70,917.471,1.07257,0.86118,1.22013,0.87144,0.8387,0.9222,0.70321,0.90719,0.56729,1.1323,0.0010892,0.0010892,0.0010892
71,930.458,1.09205,0.86937,1.23866,0.87467,0.82694,0.91608,0.70194,0.92002,0.5613,1.15161,0.001076,0.001076,0.001076
72,943.38,1.09225,0.91461,1.24558,0.88794,0.82694,0.92108,0.68808,0.94155,0.57727,1.17545,0.0010628,0.0010628,0.0010628
73,956.503,1.08033,0.8764,1.22777,0.87943,0.82694,0.9213,0.70246,0.9076,0.56888,1.14088,0.0010496,0.0010496,0.0010496
74,969.691,1.07017,0.86431,1.21906,0.86361,0.86279,0.92844,0.70646,0.89538,0.55448,1.11624,0.0010364,0.0010364,0.0010364
75,982.665,1.0341,0.85527,1.20296,0.86775,0.84267,0.91999,0.71147,0.88748,0.5527,1.11881,0.0010232,0.0010232,0.0010232
76,995.871,1.03703,0.82853,1.20151,0.86615,0.87665,0.93631,0.71506,0.90609,0.53852,1.13926,0.00101,0.00101,0.00101
77,1008.84,1.07016,0.81841,1.22475,0.86546,0.86139,0.93059,0.71582,0.88026,0.52903,1.11466,0.0009968,0.0009968,0.0009968
78,1021.84,1.04521,0.84088,1.22019,0.88372,0.86139,0.93577,0.72425,0.866,0.51263,1.10676,0.0009836,0.0009836,0.0009836
79,1034.84,1.06673,0.86193,1.21741,0.87707,0.86922,0.93865,0.72115,0.87899,0.51826,1.12508,0.0009704,0.0009704,0.0009704
80,1048.01,1.01471,0.79702,1.19281,0.87788,0.87258,0.94251,0.72346,0.87926,0.51067,1.1148,0.0009572,0.0009572,0.0009572
81,1060.22,1.00638,0.78973,1.19219,0.91165,0.85513,0.94233,0.73618,0.86284,0.48148,1.10093,0.000944,0.000944,0.000944
82,1072.47,1.03465,0.80526,1.20575,0.88231,0.87079,0.93788,0.72775,0.85685,0.51914,1.09548,0.0009308,0.0009308,0.0009308
83,1084.64,1.00223,0.82423,1.18626,0.88336,0.88363,0.94313,0.73873,0.85566,0.47459,1.0952,0.0009176,0.0009176,0.0009176
84,1096.8,1.01113,0.7695,1.18229,0.88403,0.88947,0.94836,0.74009,0.84562,0.46402,1.09468,0.0009044,0.0009044,0.0009044
85,1108.95,1.02016,0.83294,1.2014,0.89399,0.89037,0.95133,0.75394,0.81938,0.45869,1.084,0.0008912,0.0008912,0.0008912
86,1121.11,1.03799,0.82075,1.21091,0.8967,0.88489,0.95098,0.7528,0.81126,0.44701,1.071,0.000878,0.000878,0.000878
87,1133.25,1.00288,0.75302,1.19201,0.90921,0.87784,0.94942,0.75248,0.83268,0.4544,1.07827,0.0008648,0.0008648,0.0008648
88,1145.35,1.00559,0.77647,1.17394,0.91003,0.87918,0.95537,0.76235,0.8151,0.43954,1.06778,0.0008516,0.0008516,0.0008516
89,1157.48,0.99366,0.75818,1.16813,0.89616,0.89898,0.95374,0.75287,0.82121,0.45396,1.06969,0.0008384,0.0008384,0.0008384
90,1169.64,0.98268,0.73821,1.16101,0.911,0.88972,0.95846,0.75938,0.80839,0.43643,1.06391,0.0008252,0.0008252,0.0008252
91,1181.75,1.00779,0.75091,1.16546,0.91774,0.87369,0.95517,0.76546,0.79268,0.44648,1.06097,0.000812,0.000812,0.000812
92,1193.92,0.98279,0.74941,1.17395,0.90236,0.88332,0.95509,0.76846,0.78252,0.4248,1.05046,0.0007988,0.0007988,0.0007988
93,1206.69,0.98138,0.74425,1.17001,0.91299,0.8792,0.95724,0.76617,0.79872,0.42237,1.05796,0.0007856,0.0007856,0.0007856
94,1220.03,0.98341,0.70893,1.17548,0.91158,0.90603,0.96289,0.77039,0.80666,0.41694,1.05289,0.0007724,0.0007724,0.0007724
95,1232.98,0.96399,0.72198,1.16521,0.92635,0.88958,0.96336,0.77532,0.79687,0.39866,1.05107,0.0007592,0.0007592,0.0007592
96,1246.39,0.98223,0.75254,1.17551,0.88322,0.91229,0.96232,0.76931,0.80075,0.40608,1.05739,0.000746,0.000746,0.000746
97,1259.8,0.94986,0.71246,1.15841,0.91678,0.88854,0.96107,0.78064,0.76667,0.41909,1.03458,0.0007328,0.0007328,0.0007328
98,1272.77,0.9385,0.68053,1.14777,0.8986,0.9029,0.95949,0.77444,0.76827,0.4159,1.03385,0.0007196,0.0007196,0.0007196
99,1285.83,0.95109,0.72658,1.1659,0.92686,0.89115,0.96559,0.78317,0.75525,0.39054,1.02964,0.0007064,0.0007064,0.0007064
100,1299.11,0.9565,0.69372,1.15683,0.92128,0.90446,0.96805,0.77899,0.7659,0.39812,1.04018,0.0006932,0.0006932,0.0006932
101,1312.07,0.97457,0.73732,1.14975,0.89715,0.9222,0.96914,0.78753,0.74825,0.39769,1.02307,0.00068,0.00068,0.00068
102,1325.04,0.93022,0.66573,1.14088,0.93912,0.86968,0.9654,0.79337,0.7446,0.38653,1.01936,0.0006668,0.0006668,0.0006668
103,1338.03,0.94127,0.67357,1.15908,0.92724,0.9029,0.96926,0.79575,0.73858,0.38043,1.02007,0.0006536,0.0006536,0.0006536
104,1350.9,0.92209,0.67162,1.13887,0.925,0.90211,0.96827,0.79268,0.74176,0.38439,1.02062,0.0006404,0.0006404,0.0006404
105,1363.12,0.91676,0.67299,1.13517,0.92312,0.91229,0.9715,0.7927,0.74306,0.37762,1.01283,0.0006272,0.0006272,0.0006272
106,1375.38,0.93034,0.68749,1.129,0.92059,0.8982,0.96763,0.78756,0.7589,0.39916,1.01916,0.000614,0.000614,0.000614
107,1387.61,0.92423,0.66338,1.12859,0.91442,0.91207,0.96857,0.79861,0.72171,0.37184,1.00489,0.0006008,0.0006008,0.0006008
108,1399.82,0.90904,0.65003,1.12558,0.91725,0.92877,0.97473,0.80198,0.72243,0.36184,1.0034,0.0005876,0.0005876,0.0005876
109,1411.99,0.89843,0.64971,1.11652,0.92523,0.92051,0.97294,0.7958,0.74004,0.36398,1.0165,0.0005744,0.0005744,0.0005744
110,1424.16,0.9189,0.65438,1.13416,0.93392,0.91863,0.97517,0.80259,0.71549,0.35919,0.9909,0.0005612,0.0005612,0.0005612
111,1436.32,0.91154,0.61948,1.12192,0.92523,0.92952,0.9762,0.81001,0.7122,0.34205,0.99773,0.000548,0.000548,0.000548
112,1448.72,0.92341,0.68414,1.14438,0.92049,0.93377,0.97718,0.8086,0.71507,0.34284,0.99994,0.0005348,0.0005348,0.0005348
113,1461,0.88921,0.64728,1.12353,0.93554,0.93194,0.97686,0.81724,0.69837,0.33698,0.9886,0.0005216,0.0005216,0.0005216
114,1473.31,0.90389,0.65495,1.11564,0.94407,0.92639,0.97791,0.81828,0.68018,0.34265,0.98503,0.0005084,0.0005084,0.0005084
115,1485.53,0.89254,0.61797,1.1191,0.94475,0.9076,0.97593,0.81496,0.69622,0.33079,0.98824,0.0004952,0.0004952,0.0004952
116,1497.97,0.90318,0.63567,1.11994,0.93649,0.91778,0.97785,0.81524,0.69034,0.334,0.98526,0.000482,0.000482,0.000482
117,1511.12,0.90709,0.63622,1.12603,0.93951,0.93109,0.97886,0.81673,0.69306,0.32867,0.98942,0.0004688,0.0004688,0.0004688
118,1524.04,0.89003,0.62829,1.12861,0.92443,0.93579,0.97904,0.82005,0.68171,0.32623,0.97816,0.0004556,0.0004556,0.0004556
119,1537.23,0.87664,0.63061,1.10547,0.95772,0.91308,0.98016,0.81667,0.6951,0.32578,0.97774,0.0004424,0.0004424,0.0004424
120,1550.13,0.88398,0.59031,1.10168,0.95204,0.92717,0.98126,0.82184,0.68027,0.32484,0.97475,0.0004292,0.0004292,0.0004292
121,1562.99,0.85812,0.57946,1.09469,0.94734,0.92981,0.98127,0.82492,0.66851,0.32311,0.96992,0.000416,0.000416,0.000416
122,1575.99,0.86758,0.61239,1.09983,0.94456,0.92874,0.98167,0.82728,0.66791,0.31314,0.97154,0.0004028,0.0004028,0.0004028
123,1588.97,0.87403,0.59643,1.10752,0.94498,0.92639,0.97938,0.82575,0.66573,0.32657,0.97226,0.0003896,0.0003896,0.0003896
124,1601.93,0.85912,0.58974,1.10352,0.94215,0.93102,0.97986,0.82874,0.65382,0.31431,0.96754,0.0003764,0.0003764,0.0003764
125,1614.96,0.84124,0.54715,1.08999,0.93651,0.93566,0.97916,0.83144,0.6495,0.30975,0.96317,0.0003632,0.0003632,0.0003632
126,1627.9,0.86122,0.58592,1.09862,0.94401,0.93657,0.98133,0.83435,0.65338,0.29947,0.96668,0.00035,0.00035,0.00035
127,1640.89,0.85433,0.57423,1.10274,0.94902,0.935,0.9819,0.83314,0.64795,0.29753,0.96196,0.0003368,0.0003368,0.0003368
128,1653.98,0.85087,0.57839,1.09814,0.9397,0.94753,0.98145,0.8345,0.64152,0.30424,0.95749,0.0003236,0.0003236,0.0003236
129,1666.81,0.85469,0.59356,1.10514,0.93756,0.94067,0.98097,0.83328,0.63688,0.30681,0.95425,0.0003104,0.0003104,0.0003104
130,1679.75,0.85046,0.61586,1.09951,0.93867,0.93814,0.98141,0.83843,0.63053,0.29567,0.9518,0.0002972,0.0002972,0.0002972
131,1692.59,0.84697,0.61423,1.09685,0.94231,0.93368,0.98193,0.83607,0.63749,0.30349,0.95579,0.000284,0.000284,0.000284
132,1705.44,0.83837,0.57436,1.08852,0.94125,0.92847,0.98077,0.84016,0.63063,0.30335,0.95469,0.0002708,0.0002708,0.0002708
133,1718.35,0.81021,0.57962,1.08239,0.94506,0.93814,0.98157,0.8398,0.62927,0.29958,0.95465,0.0002576,0.0002576,0.0002576
134,1731.19,0.8069,0.55724,1.08268,0.95283,0.93265,0.98288,0.8388,0.6337,0.2903,0.94919,0.0002444,0.0002444,0.0002444
135,1744.03,0.81624,0.58932,1.08603,0.94718,0.94084,0.98359,0.84417,0.61638,0.28658,0.94688,0.0002312,0.0002312,0.0002312
136,1756.86,0.80207,0.53856,1.08529,0.94673,0.94635,0.98438,0.84627,0.6207,0.28423,0.94395,0.000218,0.000218,0.000218
137,1769.71,0.8008,0.5551,1.07666,0.94591,0.94675,0.98501,0.84734,0.61571,0.28303,0.94511,0.0002048,0.0002048,0.0002048
138,1782.57,0.83531,0.56071,1.08816,0.95959,0.92982,0.98376,0.84728,0.61601,0.28203,0.94661,0.0001916,0.0001916,0.0001916
139,1795.48,0.81265,0.56637,1.08333,0.95121,0.94597,0.9849,0.84616,0.61859,0.27867,0.94599,0.0001784,0.0001784,0.0001784
140,1808.39,0.80357,0.5307,1.08626,0.95376,0.93684,0.98423,0.84526,0.62044,0.28106,0.94462,0.0001652,0.0001652,0.0001652
141,1828.75,0.72987,0.43995,1.03701,0.96544,0.9397,0.98424,0.83634,0.64257,0.28407,0.95422,0.000152,0.000152,0.000152
142,1841.66,0.68724,0.38795,1.01598,0.95686,0.93785,0.98436,0.84203,0.62995,0.2764,0.94674,0.0001388,0.0001388,0.0001388
143,1854.45,0.69236,0.39905,1.01574,0.95359,0.94362,0.98504,0.84413,0.62843,0.27724,0.94648,0.0001256,0.0001256,0.0001256
144,1867.27,0.71229,0.37483,1.02507,0.95768,0.93925,0.98522,0.84812,0.61885,0.27612,0.9428,0.0001124,0.0001124,0.0001124
145,1880.17,0.70613,0.38613,1.02451,0.95522,0.94518,0.98645,0.84994,0.61586,0.27452,0.94152,9.92e-05,9.92e-05,9.92e-05
146,1892.9,0.66172,0.3569,0.99979,0.94794,0.95301,0.98692,0.85249,0.61251,0.27172,0.94002,8.6e-05,8.6e-05,8.6e-05
147,1905.49,0.68219,0.37178,1.01482,0.95312,0.94832,0.98588,0.8531,0.60968,0.27221,0.93831,7.28e-05,7.28e-05,7.28e-05
148,1918.23,0.67205,0.36335,1.00531,0.95491,0.9453,0.98567,0.85159,0.60797,0.27168,0.93593,5.96e-05,5.96e-05,5.96e-05
149,1931.07,0.67965,0.36182,0.98861,0.95494,0.94603,0.98561,0.8505,0.60553,0.27699,0.93518,4.64e-05,4.64e-05,4.64e-05
150,1943.87,0.68006,0.37777,1.01301,0.94966,0.9491,0.98502,0.85017,0.60574,0.27591,0.93579,3.32e-05,3.32e-05,3.32e-05
